title,label
Scientists Confirm Earth is Flat After New Study,0
President Announces New Economic Relief Package,1
Eating Chocolate Daily Can Cure Cancer Says Doctor,0
Stock Market Reaches Record High Amid Strong GDP Growth,1
Aliens Found Living in Antarctica Government Confirms,0
New Climate Change Report Shows Rising Global Temperatures,1
Drinking Bleach Cures All Diseases Medical Breakthrough,0
Local School Wins National Science Competition,1
5G Towers Cause COVID-19 Pandemic Expert Claims,0
Unemployment Rate Drops to Lowest Level in Decade,1
Bill Gates Planning to Microchip Everyone Through Vaccines,0
New Study Links Exercise to Improved Mental Health,1
Dinosaurs Still Alive in Remote Jungle Explorer Reports,0
Supreme Court Rules on Major Healthcare Case,1
Pope Francis Endorses Presidential Candidate in Shocking Move,0
NASA Successfully Launches New Mars Rover Mission,1
Celebrities Are Actually Reptilian Aliens Insider Reveals,0
Federal Reserve Raises Interest Rates to Combat Inflation,1
Tap Water Contains Mind Control Chemicals Leaked Document Shows,0
University Researchers Develop New Cancer Treatment Method,1
Moon Landing Was Fake Hollywood Production Whistleblower Says,0
Congress Passes Bipartisan Infrastructure Bill,1
Eating Pizza Every Day Makes You Live Longer Study Finds,0
Tech Company Reports Record Quarterly Earnings,1
Government Hiding Cure for Diabetes to Profit Big Pharma,0
New Archaeological Discovery Sheds Light on Ancient Civilization,1
Vaccines Contain Tracking Devices Secret Document Leaked,0
International Trade Agreement Signed Between Major Nations,1
Bigfoot Captured on Camera in Pacific Northwest,0
Central Bank Announces New Monetary Policy Framework,1
Chemtrails Used for Population Control Pilot Confesses,0
Olympic Committee Announces Host City for 2028 Games,1
Drinking Hot Water Prevents All Viral Infections,0
Major Automaker Recalls Vehicles Due to Safety Concerns,1
Secret Society Controls World Governments Insider Exposes,0
Scientists Successfully Clone Endangered Species,1
Fluoride in Water Lowers IQ Research Paper Claims,0
Housing Market Shows Signs of Recovery in Major Cities,1
Holding Your Breath Kills Coronavirus Instantly,0
Nobel Prize Awarded to Groundbreaking Medical Researcher,1
Government Plans Fake Alien Invasion to Control Population,0
New Renewable Energy Plant Opens Creating Thousands of Jobs,1
Microwaves Destroy All Nutrients in Food Study Shows,0
International Summit Addresses Global Climate Change Crisis,1
Doctors Hate This One Weird Trick to Lose Weight Fast,0
Supreme Court Justice Announces Retirement Plans,1
Reading in Dim Light Causes Permanent Blindness,0
Major Corporation Announces Green Initiative Plan,1
Cracking Knuckles Causes Arthritis Medical Fact,0
Educational Reform Bill Passes in State Legislature,1
Sugar Industry Conspiracy Hides Health Dangers,0
Central Bank Governor Delivers Policy Speech,1
Shaving Makes Hair Grow Back Thicker Science Proves,0
Technology Conference Showcases Latest Innovations,1
Lightning Never Strikes Same Place Twice Meteorologists Confirm,0
Federal Court Rules on Landmark Civil Rights Case,1
Humans Only Use 10 Percent of Brain Capacity,0
International Organization Reports Progress on Global Goals,1
Bulls Get Angry When They See Red Color,0
Regional Elections Set for Next Month Officials Announce,1
You Can See Great Wall of China From Space,0
National Parks Service Expands Conservation Efforts,1
Eating Carrots Gives You Perfect Night Vision,0
Trade Commission Investigates Market Competition Practices,1
Goldfish Have Three Second Memory Span Scientists Say,0
Healthcare Provider Expands Services to Rural Areas,1
Coffee Stunts Your Growth Pediatricians Warn,0
Transportation Department Unveils New Infrastructure Projects,1
Touching Toads Gives You Warts Dermatologists Confirm,0
Education Department Releases New Curriculum Standards,1
Swallowed Gum Stays in Stomach for Seven Years,0
Environmental Agency Sets New Emission Standards,1
Bats Are Actually Blind Zoologists Discover,0
Financial Regulator Announces New Consumer Protection Rules,1
Penguins Fall Backwards Looking at Airplanes,0
Labor Department Reports Job Growth in Manufacturing Sector,1
Daddy Longlegs Are Most Venomous Spiders,0
Public Health Officials Recommend Updated Vaccination Schedule,1
You Lose Most Body Heat Through Your Head,0
Science Foundation Awards Grants for Research Projects,1
Different Tongue Areas Taste Different Flavors,0
Attorney General Announces Investigation into Corporate Fraud,1
Sharks Must Keep Swimming or They Die,0
Housing Authority Approves Affordable Housing Development,1
Ostriches Bury Their Heads in Sand When Scared,0
Technology Standards Organization Updates Security Protocols,1
Chameleons Change Color to Match Their Surroundings,0
International Court Issues Ruling on Maritime Dispute,1
Lemmings Commit Mass Suicide by Jumping Off Cliffs,0
Energy Department Invests in Grid Modernization,1
Touching Baby Birds Makes Parents Abandon Them,0
Central Government Announces Pension Reform Package,1
Dogs Age Seven Years for Each Human Year,0
Agricultural Department Reports Crop Yield Forecasts,1
Vikings Wore Horned Helmets in Battle,0
National Institute Publishes Healthcare Quality Report,1
Napoleon Was Extremely Short in Height,0
Commerce Department Reports Export Growth Numbers,1
You Only Remember Information While Sleeping,0
Public Works Department Approves Water System Upgrades,1
Medieval People Believed Earth Was Flat,0
Defense Department Announces Military Base Realignment,1
Albert Einstein Failed Mathematics in School,0
Transit Authority Expands Public Transportation Routes,1
Cracking Your Neck Can Cause Stroke Instantly,0
Regulatory Agency Updates Industry Compliance Guidelines,1
Eating Before Swimming Causes Cramps and Drowning,0
State Department Issues Travel Advisory for Region,1
Going Outside With Wet Hair Causes Pneumonia,0
Telecommunications Regulator Auctions Wireless Spectrum,1
Reading in Dark Damages Your Eyesight Permanently,0
Treasury Department Announces Debt Ceiling Agreement,1
Eating Late at Night Makes You Gain Weight,0
Veterans Affairs Expands Healthcare Benefits Coverage,1
Drinking Cold Water After Meals Causes Cancer,0
Space Agency Announces Satellite Launch Schedule,1
Cracking Eggs on Counter Edge Spreads Bacteria,0
Aviation Authority Updates Flight Safety Regulations,1
Microwaving Food in Plastic Releases Deadly Toxins,0
Postal Service Announces Holiday Shipping Deadlines,1
Cell Phones Cause Brain Cancer Studies Prove,0
Census Bureau Releases Population Growth Statistics,1
Aluminum Deodorant Causes Breast Cancer Research Shows,0
Maritime Administration Updates Shipping Safety Standards,1
Eating Fish and Milk Together Is Poisonous,0
Patent Office Reports Record Number of Applications,1
Drinking Coffee While Pregnant Harms Baby Permanently,0
Standards Bureau Updates Measurement Specifications,1
Wearing Tight Pants Causes Infertility in Men,0
Import Export Bank Approves International Trade Financing,1
Popping Pimples Spreads Infection to Your Brain,0
Federal Communications Commission Reviews Broadcasting Rules,1
Crossing Your Eyes Makes Them Stay That Way,0
Geological Survey Reports Earthquake Risk Assessment,1
Sugar Makes Children Hyperactive Studies Confirm,0
National Weather Service Issues Seasonal Forecast,1
Brown Sugar Is Healthier Than White Sugar,0
Securities Commission Investigates Trading Irregularities,1
Organic Food Has More Nutrients Than Regular Food,0
Social Security Administration Adjusts Benefit Payments,1
Eating Bananas Attracts Mosquitoes to You,0
Internal Revenue Service Extends Tax Filing Deadline,1
Detox Diets Remove Toxins From Your Body,0
Immigration Services Updates Visa Application Process,1
Alkaline Water Prevents All Diseases and Cancer,0
Labor Relations Board Rules on Union Dispute,1
Gluten Free Diet Is Healthier for Everyone,0
Consumer Protection Bureau Settles with Major Retailer,1
MSG in Chinese Food Causes Brain Damage,0
Occupational Safety Board Issues New Workplace Standards,1
Cracking Your Knuckles Gives You Arthritis,0
Historic Preservation Society Designates New Landmarks,1
Eating Spicy Food Causes Stomach Ulcers,0
National Library Digitizes Historical Document Collection,1
Low Fat Foods Are Always Healthier Options,0
Arts Council Awards Grants to Cultural Organizations,1
Eating Chocolate Gives You Acne Breakouts,0
Parks Department Opens New Recreation Facilities,1
Natural Remedies Work Better Than Modern Medicine,0
Wildlife Agency Reports Endangered Species Recovery,1
Antibiotics Work Against Viral Infections Like Cold,0
Maritime Commission Approves Port Expansion Project,1
Vitamin C Prevents Common Cold Completely,0
Energy Commission Approves Power Plant Construction,1
Cracking Your Back Causes Spinal Damage,0
Water Resources Board Updates Conservation Guidelines,1
Brown Eggs Are More Nutritious Than White Eggs,0
Mining Commission Reviews Environmental Impact Assessment,1
Eating Protein Immediately After Workout Required,0
Forest Service Announces Wildfire Prevention Campaign,1
Taking Vitamins Can Replace Healthy Diet Completely,0
Highway Department Schedules Major Bridge Repairs,1
Eating Small Frequent Meals Boosts Your Metabolism,0
Customs Service Updates Import Declaration Procedures,1
You Need Eight Glasses Water Daily For Health,0
Port Authority Announces Terminal Modernization Plan,1
Eating Fat Makes You Fat Nutritionists Agree,0
Aviation Safety Board Investigates Incident Report,1
All Calories Are Created Equal Scientists Say,0
Border Protection Agency Updates Security Procedures,1
Breakfast Is Most Important Meal of Day,0
Fire Department Launches Public Safety Education Program,1
Eating Carbs After 6 PM Causes Weight Gain,0
Police Department Reports Annual Crime Statistics,1
Muscle Weighs More Than Fat Exercise Science Shows,0
Emergency Management Agency Conducts Disaster Drill,1
Stretching Before Exercise Prevents All Injuries,0
Public Library Expands Digital Resource Access,1
Spot Reduction Exercise Burns Targeted Body Fat,0
School District Approves New Academic Calendar,1
You Must Drink Sports Drinks During Exercise,0
Museum Opens New Historical Exhibit Collection,1
Sweating Means You Are Burning More Calories,0
City Council Votes on Zoning Regulation Changes,1
No Pain No Gain Is Fitness Truth,0
Public Health Department Offers Free Vaccination Clinic,1
Lifting Weights Makes Women Look Bulky Masculine,0
Community College Announces New Degree Programs,1
Carbohydrates Are Bad and Should Be Avoided,0
Chamber of Commerce Hosts Annual Business Summit,1
Eating After 8 PM Stores Food as Fat,0
Historic District Commission Reviews Building Permits,1
Coconut Oil Cures Everything Health Miracle,0
Regional Planning Agency Updates Development Guidelines,1
Apple Cider Vinegar Burns Belly Fat Fast,0
Affordable Housing Commission Approves New Projects,1
Juice Cleanses Detoxify Your Liver Completely,0
Cultural Affairs Department Announces Festival Schedule,1
Negative Calorie Foods Burn More Than They Contain,0
Workforce Development Board Launches Training Initiative,1
Eating Six Small Meals Better Than Three,0
Tourism Bureau Projects Record Visitor Numbers,1
Gluten Sensitivity Affects Everyone Not Just Celiacs,0
Ethics Commission Reviews Complaint Investigation,1
Artificial Sweeteners Are Worse Than Real Sugar,0
Veterans Service Office Expands Outreach Programs,1
Eating Celery Burns More Calories Than It Contains,0
Small Business Administration Announces Loan Program,1
Raw Food Diet Is Healthier Than Cooked Food,0
Economic Development Council Attracts New Industries,1
Intermittent Fasting Works for Weight Loss Everyone,0
Convention Center Books Major International Conference,1
Activated Charcoal Removes All Toxins From Body,0
Regional Airport Authority Announces Route Expansion,1
Himalayan Pink Salt Is Healthier Than Regular Salt,0
Waterfront Development Authority Approves Marina Project,1
Bone Broth Heals Your Gut Lining Completely,0
Mass Transit Authority Updates Fare Structure,1
Eating Grapefruit Burns Fat Automatically,0
Land Use Committee Reviews Comprehensive Plan Updates,1
Green Coffee Bean Extract Guarantees Weight Loss,0
Historical Society Restores Landmark Building,1
Raspberry Ketones Melt Away Body Fat Naturally,0
Downtown Development Authority Announces Revitalization,1
Garcinia Cambogia Blocks Fat Production Completely,0
Utility Commission Approves Rate Adjustment,1
Acai Berry Is Superfood Weight Loss Solution,0
Broadband Authority Expands Internet Access Rural Areas,1
Wheat Grass Shots Cure All Diseases Naturally,0
Stadium Authority Negotiates Professional Team Agreement,1
Chia Seeds Alone Cause Significant Weight Loss,0
Convention Tourism Bureau Launches Marketing Campaign,1
Kale Is Perfect Food With All Nutrients Needed,0
Infrastructure Investment Board Prioritizes Projects,1
Turmeric Cures Cancer Better Than Chemotherapy,0
Trade Port Authority Reports Container Volume Growth,1
Essential Oils Treat All Medical Conditions,0
Regional Transportation Commission Plans Highway Expansion,1
Colloidal Silver Kills All Bacteria and Viruses,0
Sustainability Commission Sets Environmental Goals,1
Magnetic Therapy Bracelets Cure Chronic Pain,0
Business Improvement District Enhances Public Spaces,1
Crystal Healing Realigns Your Body Energy,0
Innovation Hub Announces Technology Incubator Program,1
Detox Foot Pads Remove Toxins While Sleeping,0
Film Commission Attracts Major Movie Production,1
Ear Candling Removes Wax and Toxins Safely,0
Agricultural Extension Office Provides Farming Resources,1
Homeopathic Remedies Work Better Than Real Medicine,0
Economic Forecast Council Predicts Growth Trends,1
Cleanses Remove Pounds of Waste From Colon,0
Marine Science Center Opens New Research Facility,1
Alkaline Diet Prevents Cancer By Changing pH,0
Regional Planning Commission Coordinates Development,1
Miracle Mineral Solution Cures All Known Diseases,0
Conservation District Protects Natural Habitats,1
Hydrogen Peroxide Therapy Cures Terminal Illnesses,0
Visitors Bureau Reports Tourism Economic Impact,1
Coffee Enemas Detoxify Liver and Cure Disease,0
Job Training Center Graduates First Class,1
Apricot Seeds Kill Cancer Cells Naturally,0
Sports Commission Hosts Championship Tournament,1
Baking Soda Cures Cancer Better Than Chemo,0
Redevelopment Agency Clears Blighted Properties,1
Vitamin B17 From Seeds Prevents All Cancers,0
Youth Services Bureau Expands After School Programs,1
Ozone Therapy Kills All Infections and Viruses,0
Bicycle Coalition Advocates for Protected Bike Lanes,1
Drinking Urine Cures All Health Problems,0
Homeless Services Coalition Opens New Shelter,1
Black Salve Removes Cancer From Skin Safely,0
Food Bank Network Distributes Emergency Supplies,1
Bleach Solution Cures Autism in Children,0
Literacy Council Offers Free Reading Programs,1
Turpentine Internally Kills All Parasites Safely,0
Animal Shelter Achieves No Kill Status,1
Drinking Hydrogen Peroxide Oxygenates Blood Cures Disease,0
Community Foundation Awards Nonprofit Grants,1
Colloidal Silver Turns Skin Permanently Blue Healthy,0
Habitat for Humanity Completes Affordable Homes,1
Borax Cures Arthritis When Ingested Daily,0
Senior Center Opens New Activity Facility,1
Industrial Bleach Treats Chronic Diseases Effectively,0
Meals on Wheels Expands Delivery Routes,1
Cesium Chloride Alkalizes Body Kills Cancer,0
Arts Alliance Supports Local Creative Economy,1
Laetrile From Apricot Pits Cures All Cancers,0
Environmental Coalition Coordinates Beach Cleanup,1
DMSO Penetrates Skin Delivers Medicine Cures Everything,0
Volunteer Center Coordinates Community Service Projects,1
Black Walnut Hull Kills All Parasites Instantly,0
Mental Health Alliance Reduces Stigma Campaign,1
Iodine Supplements Cure Breast Cancer Naturally,0
Historic Preservation Trust Saves Heritage Buildings,1
Essiac Tea Formula Cures All Types Cancer,0
Community Garden Association Expands Growing Spaces,1
Germanium Supplements Boost Immune System Cure Cancer,0
Neighborhood Watch Program Reduces Local Crime,1
Shark Cartilage Stops Cancer Tumor Growth Completely,0
Cultural Center Celebrates Diversity Festival,1
Coral Calcium Supplements Prevent All Diseases,0
Educational Foundation Provides Student Scholarships,1
Ukrain Drug From Plant Cures Cancer Naturally,0
Wildlife Rehabilitation Center Treats Injured Animals,1
714X Formula Cures Cancer By Nitrogen Therapy,0
River Cleanup Coalition Restores Waterway Health,1
Cancell Formula Destroys Cancer Cells Leaves Normal,0
Democracy Project Increases Voter Registration,1
Hydrazine Sulfate Stops Cancer Cacheting Completely,0
Health Clinic Offers Free Screening Services,1
CanCell Electrical Charges Kill Cancer Cells Naturally,0
Recycling Initiative Diverts Waste From Landfills,1
Antineoplastons Cure Brain Cancer Without Side Effects,0
Community Theater Produces Original Local Play,1
Insulin Potentiation Therapy Cures Cancer Low Dose,0
Public Radio Station Expands Broadcast Coverage,1
Gerson Therapy Coffee Enemas Cure All Cancers,0
Farm to School Program Connects Local Agriculture,1
Metabolic Therapy Starves Cancer Cells Completely,0
Trail Association Maintains Hiking Path Network,1
Chelation Therapy Removes Heavy Metals Cures Heart,0
Science Museum Opens Interactive Exhibit Hall,1
Oxygen Therapy Kills Cancer Cells Through Ozone,0
Botanical Garden Showcases Native Plant Species,1
Enzyme Therapy Digests Cancer Tumors Naturally,0
Astronomical Society Hosts Public Star Viewing,1
Budwig Protocol Flaxseed Cottage Cheese Cures Cancer,0
Preservation Society Documents Oral History Project,1
Cellect Protocol Reverses Terminal Cancer Naturally,0
Sailing Club Offers Youth Water Safety Training,1
Protocel Formula Dismantles Cancer Cell Naturally,0
Running Club Organizes Charity Race Event,1
Cannabis Oil Cures All Cancers Rick Simpson,0
Cycling Group Promotes Safe Commuting Routes,1
Vitamin D Megadoses Prevent All Diseases,0
Photography Club Exhibits Member Artwork Downtown,1
Graviola Tree Kills Cancer Better Than Chemo,0
Chess Club Teaches Strategy Skills Students,1
Pau d Arco Tea Cures Cancer Naturally,0
Quilting Guild Donates Blankets Charity Hospitals,1
Bitter Melon Extract Destroys Cancer Cells,0
Gem and Mineral Club Hosts Annual Show,1
Soursop Fruit Kills Cancer Ten Thousand Times,0
Model Railroad Club Opens Public Display Layout,1
Noni Juice Cures Cancer Through Immune System,0
Drama Club Presents Shakespeare Outdoor Performance,1
Mangosteen Fruit Prevents All Types Cancer,0
Debate Team Wins Regional Championship Competition,1
Moringa Plant Cures Over Three Hundred Diseases,0
Robotics Team Advances National Competition Finals,1
Red Raspberry Leaf Tea Prevents All Cancers,0
Orchestra Performs Benefit Concert Local Charity,1
Dandelion Root Tea Kills Cancer Stem Cells,0
Chorus Group Records First Professional Album,1
Burdock Root Purifies Blood Prevents All Disease,0
Jazz Ensemble Headlines Summer Music Festival,1
Milk Thistle Regenerates Liver Cures All Diseases,0
Dance Company Choreographs Original Ballet Production,1
Cats Claw Vine Boosts Immune Prevents Cancer,0
Poetry Society Publishes Member Anthology Collection,1
Astragalus Root Makes You Live Longer Forever,0
Writers Workshop Helps Authors Publish First Books,1
Reishi Mushroom Cures Cancer Extends Life Dramatically,0
Film Society Screens Classic Cinema Weekly,1
Chaga Mushroom Super Antioxidant Prevents All Disease,0
Book Club Celebrates Twenty Fifth Anniversary,1
Turkey Tail Mushroom Shrinks All Cancer Tumors,0
Stamp Collecting Club Displays Rare Collections,1
Cordyceps Mushroom Increases Energy Cures Everything,0
Genealogy Society Helps Trace Family Histories,1
Lions Mane Mushroom Regrows Brain Cells Cures,0
Language Exchange Connects International Learners,1
Shiitake Mushroom Lowers Cholesterol Prevents Disease,0
Cooking Club Shares Regional Recipe Traditions,1
Maitake Mushroom Balances Blood Sugar Cures Diabetes,0
Investment Club Teaches Financial Literacy Skills,1
Agaricus Mushroom Shrinks Cancer Tumors Completely,0
Toastmasters Group Improves Public Speaking Confidence,1
Poria Mushroom Calms Mind Cures All Anxiety,0
Rotary Club Funds Clean Water International Projects,1
Tremella Mushroom Hydrates Skin Reverses Aging Completely,0
Lions Club Collects Eyeglasses Developing Countries,1
Phellinus Mushroom Anti Inflammatory Cures All Conditions,0
Kiwanis Organizes Playground Build Community Park,1
Mesima Mushroom Immune Support Prevents All Infections,0
Chamber Singers Perform Cathedral Holiday Concert,1
Blazei Mushroom Increases Immune Thirty Times Normal,0
Barbershop Quartet Competes International Championship,1
Suehirotake Mushroom Regenerates All Damaged Tissues,0
Handbell Choir Tours Regional Churches Performances,1
Oyster Mushroom Lowers Blood Pressure Naturally Forever,0
Community Band Marches Independence Day Parade,1
Enoki Mushroom Prevents Cancer Extends Life Span,0
Steel Drum Ensemble Brings Caribbean Music,1
Porcini Mushroom Boosts Brain Function Intelligence,0
Ukulele Club Teaches Free Lessons All Ages,1
Morel Mushroom Rare Delicacy Cures All Illness,0
Harmonica Group Performs Retirement Home Concerts,1
Chanterelle Mushroom Rich Vitamin Prevents Disease,0
Accordion Club Preserves Traditional Folk Music,1
Black Trumpet Mushroom Antioxidant Reverses Aging,0
Bluegrass Band Hosts Weekly Jam Sessions,1
Hedgehog Mushroom Immune Booster Prevents Everything,0
Folk Music Society Documents Traditional Songs,1
Matsutake Mushroom Anti Cancer Japanese Secret,0
Celtic Music Group Celebrates Heritage Festival,1
Beech Mushroom Detoxifies Liver Kidneys Completely,0
